ID Station;Libelle Line;Libelle station;Longitude;Latitude;Commune nom;Commune code Insee;Correspondances;Temps de Changement
1;1;La Defense;2.238276;48.891826;Puteaux;92062;;0
2;1;Esplanade de La Defense;2.249960339143431;48.88815080771163;Puteaux;92062;;0
3;1;Pont de Neuilly;2.26002968147207;48.885158530988775;Neuilly-sur-Seine;92200;;3
4;1;Les Sablons;2.2717793679786356;48.88144403727636;Neuilly-sur-Seine;92200;;0
5;1;Porte Maillot;2.282583847361549;48.87816265269652;Paris 17ème;75017;;0
6;1;Argentine;2.2894354185422134;48.87566737565167;Paris 17ème;75017;;0
7;1;Charles de Gaulle - Etoile;2.295811775235762;48.874994575223035;Paris 17ème;75017;"2;6";2
8;1;George V;2.3007597849789168;48.87203776364103;Paris 8ème;75008;;0
9;1;Franklin D. Roosevelt;2.309488192337112;48.868724887050476;Paris 8ème;75008;9;2
10;1;Champs-Elysees - Clemenceau;2.31446450132278;48.86765629124574;Paris 8ème;75008;13;1
11;1;Concorde;2.3229614457982586;48.866557992001624;Paris 8ème;75008;"8;12";3
12;1;Tuileries;2.3296780947116407;48.86447783836653;Paris 1er;75001;;0
13;1;Palais Royal - Musee du Louvre;2.3364543677542504;48.86222226462601;Paris 1er;75001;7;2
14;1;Louvre - Rivoli;2.3409696232852686;48.860871211759445;Paris 1er;75001;;0
15;1;Chatelet;2.3481609912345767;48.856953459837165;Paris 4ème;75004;"4;7;11;14";3
16;1;Hotel de Ville;2.3520676701390992;48.857352404237716;Paris 4ème;75004;11;1
17;1;Saint-Paul (Le Marais);2.3608852562751954;48.855187420656264;Paris 4ème;75004;;0
18;1;Bastille;2.3687189610340877;48.85205429254951;Paris 12ème;75012;"5;8";1
19;1;Gare de Lyon;2.373156593789204;48.845683205787566;Paris 12ème;75012;14;2
20;1;Reuilly - Diderot;2.3872010704093913;48.84721292574974;Paris 12ème;75012;8;2
21;1;Nation;2.395843988723737;48.84808428902576;Paris 12ème;75012;"2;6;9";3
22;1;Porte de Vincennes;2.4108049967014993;48.847007730140405;Paris 12ème;75012;;0
23;1;Saint-Mande;2.418722383318851;48.84637265707267;Saint-Mandé;94160;;0
24;1;Berault;2.428260725647601;48.84564412173102;Vincennes;94300;;0
25;1;Chateau de Vincennes;2.4405400954061127;48.844317513365304;Paris 12ème;75012;;0
26;2;Porte Dauphine;2.2776327175452704;48.871396794300246;Paris 16ème;75016;;0
27;2;Victor Hugo;2.285828765912979;48.86992608146256;Paris 16ème;75116;;0
28;2;Charles de Gaulle - Etoile;2.295811775235762;48.874994575223035;Paris 17ème;75117;"1;6";2
29;2;Ternes;2.298113288617243;48.878227729914364;Paris 17ème;75117;;0
30;2;Courcelles;2.303294362425212;48.8792652531651;Paris 17ème;75117;;0
31;2;Monceau;2.3094129673747017;48.88056876917883;Paris 17ème;75117;;0
32;2;Villiers;2.3158150926463765;48.88107318212763;Paris 8ème;75108;3;3
33;2;Rome;2.3213591738229717;48.88234581784814;Paris 17ème;75117;;0
34;2;Place de Clichy;2.327958328010219;48.88366908732468;Paris 18ème;75118;13;1
35;2;Blanche;2.332484375434362;48.88376635352917;Paris 9ème;75109;;0
36;2;Pigalle;2.3372111647011273;48.882020931119335;Paris 9ème;75109;12;1
37;2;Anvers;2.3441548403302903;48.88286856789594;Paris 9ème;75109;;0
38;2;Barbes - Rochechouart;2.3506070793550973;48.883776088608904;Paris 10ème;75110;4;2
39;2;La Chapelle;2.360404169274098;48.88438640990481;Paris 10ème;75110;;0
40;2;Stalingrad;2.3657743705581686;48.88432054792188;Paris 19ème;75119;"5;7";3
41;2;Jaures;2.3714389599856065;48.883023912481356;Paris 19ème;75119;"5;7bis";1
42;2;Colonel Fabien;2.3704675747938633;48.87764980757344;Paris 10ème;75110;;0
43;2;Belleville;2.3767355865572877;48.872286601164795;Paris 19ème;75119;11;2
44;2;Couronnes;2.3802889829271927;48.869193344184296;Paris 11ème;75111;;0
45;2;Menilmontant;2.3834303882303036;48.86639013919733;Paris 11ème;75111;;0
46;2;Pere Lachaise;2.3875798912544446;48.86244984398934;Paris 11ème;75111;3;1
47;2;Philippe Auguste;2.3904975967452877;48.85808942718759;Paris 11ème;75111;;0
48;2;Alexandre Dumas;2.3947127337554774;48.85624467748922;Paris 20ème;75120;;0
49;2;Avron;2.398187556659396;48.85164854264895;Paris 20ème;75120;;0
50;2;Nation;2.395843988723737;48.84808428902576;Paris 12ème;75112;"1;6;9";0
51;3;Pont de Levallois Becon;2.279855453385389;48.897432210210326;Levallois-Perret;92300;;0
52;3;Anatole France;2.2851371245493506;48.89225757294701;Levallois-Perret;92300;;0
53;3;Louise Michel;2.287841297563895;48.88878568024509;Levallois-Perret;92300;;0
54;3;Porte de Champerret;2.2921124821588443;48.885652392185875;Paris 17ème;75117;;0
55;3;Pereire;2.2976831860125824;48.88484432179189;Paris 17ème;75117;;0
56;3;Wagram;2.304673087584433;48.88384638977923;Paris 17ème;75117;;0
57;3;Malesherbes;2.30948784696001;48.882840021629804;Paris 17ème;75117;;0
58;3;Villiers;2.3158150926463765;48.88107318212763;Paris 8ème;75108;2;1
59;3;Europe;2.3221859195205097;48.878753163096754;Paris 8ème;75108;;0
60;3;Saint-Lazare;2.3254883906726116;48.87538131505992;Paris 8ème;75108;"12;13;14";2
61;3;Havre-Caumartin;2.327651103418781;48.87366675099707;Paris 9ème;75109;9;3
62;3;Opera;2.3310472867112395;48.871437428049184;Paris 9ème;75109;"7;8";1
63;3;Quatre Septembre;2.3363187355954866;48.86965909643616;Paris 2ème;75102;;0
64;3;Bourse;2.3406653707110454;48.868756796707615;Paris 2ème;75102;;0
65;3;Sentier;2.347553815937787;48.867346603345666;Paris 2ème;75102;;0
66;3;Reaumur - Sebastopol;2.3520507871028347;48.86638175580347;Paris 2ème;75102;4;2
67;3;Arts et Metiers;2.3565081436435453;48.865299611696805;Paris 3ème;75103;11;0
68;3;Temple;2.3615612345263557;48.866756628486336;Paris 3ème;75103;;0
69;3;Republique;2.363302340780453;48.86751235686305;Paris 3ème;75103;"5;8;9;11";1
70;3;Parmentier;2.3747477503599037;48.8652523948625;Paris 11ème;75111;;0
71;3;Rue Saint-Maur;2.38050775608986;48.86411770001463;Paris 11ème;75111;;0
72;3;Pere Lachaise;2.3875798912544446;48.86244984398934;Paris 11ème;75111;2;2
73;3;Gambetta;2.3985373057045716;48.8650325635159;Paris 20ème;75120;3bis;3
74;3;Porte de Bagnolet;2.408754221189542;48.86453937198637;Paris 20ème;75120;;0
75;3;Gallieni;2.416657812905976;48.864941023036415;Bagnolet;93170;;0
76;3bis;Porte des Lilas;2.4070619733807948;48.876568598079956;Paris 20ème;75120;11;2
77;3bis;Saint-Fargeau;2.404498183168868;48.87184337127491;Paris 20ème;75120;;0
78;3bis;Pelleport;2.4014967922879245;48.86846488606675;Paris 20ème;75120;;0
79;3bis;Gambetta;2.3985373057045716;48.8650325635159;Paris 20ème;75120;3;3
80;4;Porte de Clignancourt;2.3446240991027905;48.897525630330136;Paris 18ème;75118;;0
81;4;Simplon;2.347596055351641;48.894124442685495;Paris 18ème;75118;;0
82;4;Marcadet - Poissonniers;2.349681541722476;48.89128043889656;Paris 18ème;75118;12;2
83;4;Chateau Rouge;2.3493658080048396;48.887078876519546;Paris 18ème;75118;;0
84;4;Barbes - Rochechouart;2.3506070793550973;48.883776088608904;Paris 10ème;75110;2;3
85;4;Gare du Nord;2.356808788205408;48.87959170646212;Paris 10ème;75110;5;3
86;4;Gare de l Est;2.358064594418649;48.8761629935184;Paris 10ème;75110;"5;7";2
87;4;Chateau d Eau;2.3560517414015854;48.87244691664745;Paris 10ème;75110;;0
88;4;Strasbourg - Saint-Denis;2.354491616563833;48.8696235816895;Paris 10ème;75110;"8;9";2
89;4;Reaumur - Sebastopol;2.3520507871028347;48.86638175580347;Paris 2ème;75102;3;1
90;4;Etienne Marcel;2.3489761968791076;48.8637030110762;Paris 1er;75101;;0
91;4;Les Halles;2.34612732517368;48.86250483939126;Paris 1er;75101;;0
92;4;Chatelet;2.3481609912345767;48.856953459837165;Paris 4ème;75104;"1;7;11;14";2
93;4;Cite;2.3472322349319104;48.85493384815853;Paris 4ème;75104;;0
94;4;Saint-Michel;2.343991799033287;48.8535940766199;Paris 6ème;75106;;0
95;4;Odeon;2.340692291066523;48.85202455356673;Paris 6ème;75106;10;3
96;4;Saint-Germain-des-Pres;2.3339478107981932;48.853574562874215;Paris 6ème;75106;;0
97;4;Saint-Sulpice;2.3306119530815415;48.8512086266185;Paris 6ème;75106;;0
98;4;Saint-Placide;2.327054815066311;48.847006650641134;Paris 6ème;75106;;0
99;4;Montparnasse Bienvenue;2.3239891852050025;48.84382361030622;Paris 15ème;75115;"6;12;13";2
100;4;Vavin;2.328862854069104;48.842052322344095;Paris 14ème;75114;;0
101;4;Raspail;2.3304669937198725;48.83915635857729;Paris 14ème;75114;6;2
102;4;Denfert-Rochereau;2.3320188352163855;48.833948692743945;Paris 14ème;75114;6;1
103;4;Mouton-Duvernet;2.32988764040842;48.831337584623185;Paris 14ème;75114;;0
104;4;Alesia;2.327093234948452;48.82820106327088;Paris 14ème;75114;;0
105;4;Porte d Orleans;2.3254932653821037;48.82341635019183;Paris 14ème;75114;;0
106;4;Mairie de Montrouge;2.319707397560608;48.81832883047819;Montrouge;92120;;0
107;4;Barbara;2.3175899975601615;48.80997954517105;Bagneux;92220;;0
108;4;Bagneux Lucie Aubrac;2.317623116604095;48.803630635970016;Bagneux;92220;;0
109;5;Bobigny Pablo Picasso;2.449437373088441;48.90716866515946;Bobigny;93000;;0
110;5;Bobigny-Pantin Raymond Queneau;2.4254868454442526;48.895548102083914;Bobigny;93000;;0
111;5;Eglise de Pantin;2.4134935705788902;48.89325581728111;Pantin;93500;;0
112;5;Hoche;2.4020707147577136;48.89115365845076;Pantin;93500;;0
113;5;Porte de Pantin;2.3921229723281474;48.888459210398885;Paris 19ème;75119;;0
114;5;Ourcq;2.386652016759883;48.88691595224703;Paris 19ème;75119;;0
115;5;Laumiere;2.3793909893523915;48.885133847137844;Paris 19ème;75119;;0
116;5;Jaures;2.3714389599856065;48.883023912481356;Paris 19ème;75119;"2;7bis";2
117;5;Stalingrad;2.3657743705581686;48.88432054792188;Paris 19ème;75119;"2;7";2
118;5;Gare du Nord;2.356808788205408;48.87959170646212;Paris 10ème;75110;4;1
119;5;Gare de l Est;2.358064594418649;48.8761629935184;Paris 10ème;75110;"4;7";3
120;5;Jacques Bonsergent;2.361023902048922;48.87062092531723;Paris 10ème;75110;;0
121;5;Republique;2.363302340780453;48.86751235686305;Paris 3ème;75103;"3;8;9;11";3
122;5;Oberkampf;2.3681558453945506;48.86477709757322;Paris 11ème;75111;9;1
123;5;Richard-Lenoir;2.371813630476951;48.85987693692056;Paris 11ème;75111;;0
124;5;Breguet-Sabin;2.370194668589751;48.85624405373815;Paris 11ème;75111;;0
125;5;Bastille;2.3687189610340877;48.85205429254951;Paris 12ème;75112;"1;8";2
126;5;Quai de la Rapee;2.365884650750405;48.84642732453155;Paris 12ème;75112;;0
127;5;Gare d Austerlitz;2.3641773106918307;48.843405408577155;Paris 5ème;75105;10;2
128;5;Saint-Marcel;2.360721859717641;48.838512445735624;Paris 13ème;75113;;0
129;5;Campo-Formio;2.3587419566993444;48.83554293280104;Paris 13ème;75113;;0
130;5;Place d Italie;2.3555015914814845;48.83096571234431;Paris 13ème;75113;"6;7";0
131;6;Charles de Gaulle - Etoile;2.295811775235762;48.874994575223035;Paris 17ème;75117;"1;2";0
132;6;Kleber;2.2931461372486255;48.87148941198696;Paris 16ème;75116;;0
133;6;Boissiere;2.2900328376074364;48.86684834246921;Paris 16ème;75116;;0
134;6;Trocadero;2.287492796966441;48.86348766407144;Paris 16ème;75116;9;1
135;6;Passy;2.285839418881461;48.857515088672166;Paris 16ème;75116;;0
136;6;Bir-Hakeim;2.289400737634599;48.85392536742779;Paris 15ème;75115;;0
137;6;Dupleix;2.293663726731038;48.85041162485849;Paris 15ème;75115;;0
138;6;La Motte-Picquet - Grenelle;2.2985257262366354;48.8496308034842;Paris 15ème;75115;"8;10";3
139;6;Cambronne;2.3029417283376103;48.84754311124529;Paris 15ème;75115;;0
140;6;Sevres-Lecourbe;2.3095296104303924;48.84564768170248;Paris 15ème;75115;;0
141;6;Pasteur;2.312914680473939;48.842528386594964;Paris 15ème;75115;12;3
142;6;Montparnasse Bienvenue;2.3239891852050025;48.84382361030622;Paris 15ème;75115;"4;12;13";2
143;6;Edgar Quinet;2.3252865779432956;48.84090350074998;Paris 14ème;75114;;0
144;6;Raspail;2.3304669937198725;48.83915635857729;Paris 14ème;75114;4;2
145;6;Denfert-Rochereau;2.3320188352163855;48.833948692743945;Paris 14ème;75114;4;3
146;6;Saint-Jacques;2.3371543709250067;48.83291600527084;Paris 14ème;75114;;0
147;6;Glaciere;2.343438236678703;48.831115946668106;Paris 13ème;75113;;0
148;6;Corvisart;2.350611225926165;48.82986001236403;Paris 13ème;75113;;0
149;6;Place d Italie;2.3555015914814845;48.83096571234431;Paris 13ème;75113;"5;7";1
150;6;Nationale;2.362804171593507;48.83323527872786;Paris 13ème;75113;;0
151;6;Chevaleret;2.3680812829727422;48.834963081160865;Paris 13ème;75113;;0
152;6;Quai de la Gare;2.372766248948171;48.8370742696613;Paris 13ème;75113;;0
153;6;Bercy;2.379463070185256;48.84017602717362;Paris 12ème;75112;14;2
154;6;Dugommier;2.3895997700798093;48.83903652738059;Paris 12ème;75112;;0
155;6;Daumesnil;2.3961486284893696;48.83943400710489;Paris 12ème;75112;8;3
156;6;Bel-Air;2.400867131995258;48.84142733128531;Paris 12ème;75112;;0
157;6;Picpus;2.4012745388223737;48.8451032465536;Paris 12ème;75112;;0
158;6;Nation;2.395843988723737;48.84808428902576;Paris 12ème;75112;"1;2;9";0
159;7;La Courneuve 8 Mai 1945;2.4114040673077715;48.920944050767254;La Courneuve;93120;;0
160;7;Fort d Aubervilliers;2.4045225484014794;48.914842640141686;Aubervilliers;93300;;0
161;7;Aubervilliers-Pantin Quatre Chemins;2.3924590644888686;48.90392073193864;Aubervilliers;93300;;0
162;7;Porte de la Villette;2.3858690331433445;48.897802691407826;Paris 19ème;75119;;0
163;7;Corentin Cariou;2.3822915571646326;48.89467265910835;Paris 19ème;75119;;0
164;7;Crimee;2.376935736982379;48.89088575798087;Paris 19ème;75119;;0
165;7;Riquet;2.3736694647431955;48.88815726111783;Paris 19ème;75119;;0
166;7;Stalingrad;2.3657743705581686;48.88432054792188;Paris 19ème;75119;"2;5";2
167;7;Louis Blanc;2.364424862493677;48.88120621087799;Paris 10ème;75110;7bis;2
168;7;Chateau Landon;2.362017935510607;48.87844145478439;Paris 10ème;75110;;3
169;7;Gare de l Est;2.358064594418649;48.8761629935184;Paris 10ème;75110;"4;5";2
170;7;Poissonniere;2.3487397513900725;48.87716484830221;Paris 9ème;75109;;0
171;7;Cadet;2.344446309702273;48.87596328412753;Paris 9ème;75109;;0
172;7;Le Peletier;2.340150559706373;48.87495940509292;Paris 9ème;75109;;0
173;7;Chaussee d Antin - La Fayette;2.333738594408701;48.873134204826634;Paris 9ème;75109;9;2
174;7;Opera;2.3310472867112395;48.871437428049184;Paris 9ème;75109;"3;8";1
175;7;Pyramides;2.3346236060049224;48.86575552642865;Paris 1er;75101;14;2
176;7;Palais Royal - Musee du Louvre;2.3364543677542504;48.86222226462601;Paris 1er;75101;1;3
177;7;Pont Neuf;2.341776749148541;48.858546338320174;Paris 1er;75101;;0
178;7;Chatelet;2.3481609912345767;48.856953459837165;Paris 4ème;75104;"1;4;11;14";3
179;7;Pont Marie (Cite des Arts);2.3573766690444025;48.8534598594796;Paris 4ème;75104;;0
180;7;Sully - Morland;2.3618531696972473;48.85127140744555;Paris 4ème;75104;;0
181;7;Jussieu;2.3549316718232247;48.846197890688764;Paris 5ème;75105;10;2
182;7;Place Monge;2.3521548685787703;48.842666384694624;Paris 5ème;75105;;0
183;7;Censier - Daubenton;2.3516265726054986;48.84022624756566;Paris 5ème;75105;;0
184;7;Les Gobelins;2.3524168018982743;48.835841621396156;Paris 13ème;75113;;0
185;7;Place d Italie;2.3555015914814845;48.83096571234431;Paris 13ème;75113;"5;6";3
186;7;Tolbiac;2.357318439213191;48.826136860805335;Paris 13ème;75113;;0
187;7;Maison Blanche;2.3584129461559384;48.82214950512655;Paris 13ème;75113;14;3
188;7;Porte d Italie;2.3595297331071685;48.819106595610265;Paris 13ème;75113;;0
189;7;Porte de Choisy;2.3646785940494577;48.820055928199736;Paris 13ème;75113;;0
190;7;Porte d Ivry;2.3695112543194923;48.82148903461442;Paris 13ème;75113;;0
191;7bis;Louis Blanc;2.364424862493677;48.88120621087799;Paris 10ème;75110;7;0
192;7bis;Jaures;2.3714389599856065;48.883023912481356;Paris 19ème;75119;"2;5";2
193;7bis;Bolivar;2.374124871187541;48.880789662027055;Paris 19ème;75119;;0
194;7bis;Buttes Chaumont;2.381569842088007;48.87849908745056;Paris 19ème;75119;;0
195;7bis;Botzaris;2.388900951315738;48.87953499032036;Paris 19ème;75119;;0
196;7bis;Place des Fetes;2.3931393703604957;48.876723661025224;Paris 19ème;75119;11;3
197;7bis;Pre-Saint-Gervais;2.398580770693527;48.88015957971629;Paris 19ème;75119;;0
198;7bis;Danube;2.393228471227491;48.88194921397263;Paris 19ème;75119;;0
199;7bis;Botzaris;2.388900951315738;48.87953499032036;Paris 19ème;75119;;0
200;8;Balard;2.2783626618091994;48.836667893882776;Paris 15ème;75115;;0
201;8;Lourmel;2.2822419598550754;48.83866086271165;Paris 15ème;75115;;0
202;8;Boucicaut;2.287918431124558;48.84102416004495;Paris 15ème;75115;;0
203;8;Felix Faure;2.2918472203679694;48.84268433384837;Paris 15ème;75115;;0
204;8;Commerce;2.2937968421928625;48.84461151142022;Paris 15ème;75115;;0
205;8;La Motte-Picquet - Grenelle;2.2985257262366354;48.8496308034842;Paris 15ème;75115;"6;10";1
206;8;Ecole Militaire;2.3063456838200755;48.854919659638895;Paris 7ème;75107;;0
207;8;La Tour-Maubourg;2.3104735359369832;48.85772702258638;Paris 7ème;75107;;0
208;8;Invalides;2.314632660444516;48.86109201043299;Paris 7ème;75107;13;2
209;8;Concorde;2.3229614457982586;48.866557992001624;Paris 8ème;75108;"1;12";3
210;8;Madeleine;2.3258100487932767;48.87054467576818;Paris 8ème;75108;"12;14";2
211;8;Opera;2.3310472867112395;48.871437428049184;Paris 9ème;75109;"3;7";2
212;8;Richelieu - Drouot;2.33859122153854;48.872135869369885;Paris 9ème;75109;9;2
213;8;Grands Boulevards;2.343207266405089;48.87150476881465;Paris 9ème;75109;;3
214;8;Bonne Nouvelle;2.3484813657183894;48.870571298554935;Paris 2ème;75102;;3
215;8;Strasbourg - Saint-Denis;2.354491616563833;48.8696235816895;Paris 10ème;75110;"4;9";2
216;8;Republique;2.363302340780453;48.86751235686305;Paris 3ème;75103;"3;5;9;11";2
217;8;Filles du Calvaire;2.3667452977427006;48.86306988250257;Paris 11ème;75111;;0
218;8;Saint-Sebastien - Froissart;2.3672615397172683;48.860968144808254;Paris 11ème;75111;;0
219;8;Chemin Vert;2.36809508538599;48.85708736687211;Paris 3ème;75103;;0
220;8;Bastille;2.3687189610340877;48.85205429254951;Paris 12ème;75112;"1;5";1
221;8;Ledru-Rollin;2.3761412233185912;48.851337765850175;Paris 11ème;75111;;0
222;8;Faidherbe - Chaligny;2.3840285663831065;48.85011054318548;Paris 12ème;75112;;0
223;8;Reuilly - Diderot;2.3872010704093913;48.84721292574974;Paris 12ème;75112;1;2
224;8;Montgallet;2.3904000136353636;48.84400507476069;Paris 12ème;75112;;0
225;8;Daumesnil;2.3961486284893696;48.83943400710489;Paris 12ème;75112;6;3
226;8;Michel Bizot;2.4023667399880027;48.83707743008748;Paris 12ème;75112;;0
227;8;Porte Doree;2.405873912987563;48.83501737314559;Paris 12ème;75112;;0
228;8;Porte de Charenton;2.4025118728500727;48.83344922193115;Paris 12ème;75112;;0
229;8;Liberte;2.4067745680712713;48.826158840931036;Charenton-le-Pont;94220;;0
230;8;Charenton-Ecoles;2.4141148950558913;48.821626482747625;Charenton-le-Pont;94220;;0
231;8;Ecole Veterinaire de Maison-Alfort;2.422350581563049;48.81486870946924;Maison-Alfort;94700;;0
232;8;Maison-Alfort - Stade;2.4344763216334266;48.80920912281045;Maison-Alfort;94700;;0
233;8;Maison-Alfort - Les Juillotes;2.4444827680699115;48.80403967132477;Créteil ;94000;;0
234;8;Creteil - L Echat;2.4492289478116884;48.796443188476616;Créteil ;94000;;0
235;8;Creteil - Universite;2.451236958392937;48.790263905828965;Créteil ;94000;;0
236;8;Creteil - Prefecture;2.4596938203040453;48.780029146434174;Créteil ;94000;;0
237;8;Creteil - Pointe du Lac;2.464714049139313;48.76912189857154;Créteil ;94000;;0
238;9;Pont de Sevres;2.2301785122507054;48.829719527185205;Boulogne-Billancourt;92100;;0
239;9;Billancourt;2.2383616582810326;48.832195345115316;Boulogne-Billancourt;92100;;0
240;9;Marcel Sembat;2.2435041104000217;48.83381359119428;Boulogne-Billancourt;92100;;0
241;9;Porte de Saint-Cloud;2.2570461929221497;48.8379584046712;Paris 16ème;75116;;0
242;9;Exelmans;2.259800845144345;48.84258027532826;Paris 16ème;75116;;0
243;9;Michel-Ange - Molitor;2.2615119169052043;48.84491122661504;Paris 16ème;75116;10;2
244;9;Michel-Ange - Auteuil;2.2639895253333284;48.84797535322806;Paris 16ème;75116;10;3
245;9;Jasmin;2.2679332916470663;48.852433417777384;Paris 16ème;75116;;0
246;9;Ranelagh;2.2699481579346337;48.855503557447456;Paris 16ème;75116;;0
247;9;La Muette;2.2740962446697215;48.85809196595048;Paris 16ème;75116;;0
248;9;Rue de la Pompe;2.277885897959056;48.86395170793181;Paris 16ème;75116;;0
249;9;Trocadero;2.287492796966441;48.86348766407144;Paris 16ème;75116;6;2
250;9;Iena;2.2938642256822703;48.86478002130934;Paris 16ème;75116;;0
251;9;Alma - Marceau;2.3011043523926697;48.86464714695772;Paris 16ème;75116;;0
252;9;Franklin D. Roosevelt;2.309488192337112;48.868724887050476;Paris 8ème;75108;1;2
253;9;Saint-Philippe du Roule;2.310137205687824;48.872155130129364;Paris 8ème;75108;;0
254;9;Miromesnil;2.316010693121023;48.87344791484716;Paris 8ème;75108;13;3
255;9;Saint-Augustin;2.321013597808599;48.8745466119868;Paris 8ème;75108;14;3
256;9;Havre-Caumartin;2.327651103418781;48.87366675099707;Paris 9ème;75109;3;2
257;9;Chaussee d Antin - La Fayette;2.333738594408701;48.873134204826634;Paris 9ème;75109;7;2
258;9;Richelieu - Drouot;2.33859122153854;48.872135869369885;Paris 9ème;75109;8;2
259;9;Grands Boulevards;2.343207266405089;48.87150476881465;Paris 9ème;75109;;3
260;9;Bonne Nouvelle;2.3484813657183894;48.870571298554935;Paris 2ème;75102;;2
261;9;Strasbourg - Saint-Denis;2.354491616563833;48.8696235816895;Paris 10ème;75110;"4;8";1
262;9;Republique;2.363302340780453;48.86751235686305;Paris 3ème;75103;"3;5;8;11";2
263;9;Oberkampf;2.3681558453945506;48.86477709757322;Paris 11ème;75111;5;3
264;9;Saint-Ambroise;2.373880538211547;48.861416656961026;Paris 11ème;75111;;0
265;9;Voltaire;2.3800316941488036;48.85766243343786;Paris 11ème;75111;;0
266;9;Charonne;2.384782396448888;48.854939442500324;Paris 11ème;75111;;0
267;9;Rue des Boulets;2.3891047050322425;48.85221407238374;Paris 11ème;75111;;0
268;9;Nation;2.395843988723737;48.84808428902576;Paris 12ème;75112;"1;2;6";2
269;9;Buzenval;2.401170769368412;48.851762438884066;Paris 20ème;75120;;0
270;9;Maraichers;2.406038544798052;48.8527310195318;Paris 20ème;75120;;0
271;9;Porte de Montreuil;2.4107181540274945;48.85348263025835;Paris 20ème;75120;;0
272;9;Robespierre;2.4228664392372066;48.85577588071557;Montreuil;93100;;0
273;9;Croix de Chavaux;2.435571066222298;48.858128682280594;Montreuil;93100;;0
274;9;Mairie de Montreuil;2.441718812252679;48.86214353705555;Montreuil;93100;;0
275;10;Gare d Austerlitz;2.3641773106918307;48.843405408577155;Paris 5ème;75105;5;2
276;10;Jussieu;2.3549316718232247;48.846197890688764;Paris 5ème;75105;7;1
277;10;Cardinal Lemoine;2.3513280016731755;48.84670003431487;Paris 5ème;75105;;0
278;10;Maubert - Mutualite;2.348280413169489;48.850195465121296;Paris 5ème;75105;;0
279;10;Cluny - La Sorbonne;2.3448963012120783;48.85102687592628;Paris 5ème;75105;;0
280;10;Odeon;2.340692291066523;48.85202455356673;Paris 6ème;75106;4;3
281;10;Mabillon;2.335142819346475;48.8528437373513;Paris 6ème;75106;;0
282;10;Sevres - Babylone;2.3268596631217364;48.851565305443174;Paris 7ème;75107;12;3
283;10;Vaneau;2.321351242354735;48.848894569110655;Paris 7ème;75107;;0
284;10;Duroc;2.316521219456521;48.84700989266375;Paris 7ème;75107;13;2
285;10;Segur;2.3071378494033836;48.84716726904679;Paris 15ème;75115;;0
286;10;La Motte-Picquet - Grenelle;2.2985257262366354;48.8496308034842;Paris 15ème;75115;"6;8";2
287;10;Avenue Emile Zola;2.2950189971435497;48.847038012756926;Paris 15ème;75115;;0
288;10;Charles Michels;2.2856210133667165;48.84660453144916;Paris 15ème;75115;;0
289;10;Javel - Andre Citroen;2.278009496527358;48.846181105274994;Paris 15ème;75115;;3
290;10;Eglise d Auteuil;2.269111389021891;48.84714336050894;Paris 16ème;75116;;0
291;10;Michel-Ange - Auteuil;2.2639895253333284;48.84797535322806;Paris 16ème;75116;9;2
292;10;Porte d Auteuil;2.2582807445955355;48.84790412268101;Paris 16ème;75116;;0
293;10;Boulogne Jean Jaures;2.2389204006099535;48.842311612437754;Boulogne-Billancourt;92100;;0
294;10;Boulogne Pont de Saint-Cloud;2.227228293206157;48.84068928146954;Boulogne-Billancourt;92100;;0
295;10;Michel-Ange - Molitor;2.2615119169052043;48.84491122661504;Paris 16ème;75116;9;1
296;10;Chardon Lagache;2.266905475940289;48.845088298230586;Paris 16ème;75116;;0
297;10;Mirabeau;2.2730641263728324;48.84707750639776;Paris 16ème;75116;;0
298;11;Chatelet;2.3481609912345767;48.856953459837165;Paris 4ème;75104;"1;4;7;14";3
299;11;Hotel de Ville;2.3520676701390992;48.857352404237716;Paris 4ème;75104;1;3
300;11;Rambuteau;2.3532739485947705;48.861190156002216;Paris 4ème;75104;;0
301;11;Arts et Metiers;2.3565081436435453;48.865299611696805;Paris 3ème;75103;3;2
302;11;Republique;2.363302340780453;48.86751235686305;Paris 3ème;75103;"3;5;8;9";2
303;11;Goncourt;2.370764434748399;48.870007016890526;Paris 10ème;75110;;0
304;11;Belleville;2.3767355865572877;48.872286601164795;Paris 19ème;75119;2;3
305;11;Pyrenees;2.3852029155695305;48.873818789232516;Paris 20ème;75120;;0
306;11;Jourdain;2.3893253789100948;48.875247347693374;Paris 19ème;75119;;0
307;11;Place des Fetes;2.3931393703604957;48.876723661025224;Paris 19ème;75119;7bis;2
308;11;Telegraphe;2.398648089960593;48.87551038323271;Paris 19ème;75119;;0
309;11;Porte des Lilas;2.4070619733807948;48.876568598079956;Paris 20ème;75120;3bis;2
310;11;Mairie des Lilas;2.416489227597143;48.879687517262184;Les Lilas;93260;;0
311;11;Serge Gainsbourg;2.4266829122538582;48.881262859697536;Les Lilas;93260;;0
312;11;Romainville - Carnot;2.4408107257464393;48.883505799421584;Romainville;93230;;0
313;11;Montreuil - Hopital;2.453263061238335;48.878629764445165;Noisy-le-Sec;93130;;0
314;11;La Dhuys;2.4657862350007504;48.878232209818776;Rosny-sous-Bois;93100;;0
315;11;Coteaux - Beauclair;2.467411268074683;48.88229215737437;Rosny-sous-Bois;93100;;0
316;11;Rosny - Bois-Perrier;2.482111769389692;48.882870151700565;Rosny-sous-Bois;93100;;0
317;12;Mairie d Aubervilliers;2.3812941662256817;48.91407637844844;Aubervilliers;93300;;0
318;12;Aime Cesaire;2.3773462969120613;48.90777038913443;Aubervilliers;93300;;0
319;12;Front Populaire;2.36583303924029;48.906510602704024;Saint-Denis;93210;;0
320;12;Porte de la Chapelle;2.3592485423103606;48.897402421722504;Paris 18ème;75118;;0
321;12;Marx Dormoy;2.359808478084023;48.890579577619285;Paris 18ème;75118;;0
322;12;Marcadet - Poissonniers;2.349681541722476;48.89128043889656;Paris 18ème;75118;4;3
323;12;Jules Joffrin;2.3443200293804813;48.892492267254006;Paris 18ème;75118;;0
324;12;Lamarck - Caulaincourt;2.338583824383193;48.88968180901888;Paris 18ème;75118;;0
325;12;Abbesses;2.338394635220906;48.884392717043454;Paris 18ème;75118;;0
326;12;Pigalle;2.3372111647011273;48.882020931119335;Paris 9ème;75109;2;3
327;12;Saint-Georges;2.3375706403796688;48.8784165939537;Paris 9ème;75109;;0
328;12;Notre-Dame-de-Lorette;2.3378736192226373;48.876035030332574;Paris 9ème;75109;;0
329;12;Trinite - d Estienne d Orves;2.333049172418235;48.87633650635933;Paris 9ème;75109;;0
330;12;Saint-Lazare;2.3254883906726116;48.87538131505992;Paris 8ème;75108;"3;13;14";2
331;12;Madeleine;2.3258100487932767;48.87054467576818;Paris 8ème;75108;"8;14";2
332;12;Concorde;2.3229614457982586;48.866557992001624;Paris 8ème;75108;"1;8";3
333;12;Assemblee Nationale;2.3205758366475546;48.86107193857794;Paris 7ème;75107;;0
334;12;Solferino;2.323075964251541;48.85853194878038;Paris 7ème;75107;;0
335;12;Rue du Bac;2.325699898452411;48.85588467753727;Paris 7ème;75107;;0
336;12;Sevres - Babylone;2.3268596631217364;48.851565305443174;Paris 7ème;75107;10;2
337;12;Rennes;2.3277871847873866;48.848332828092396;Paris 6ème;75106;;0
338;12;Notre-Dame des Champs;2.3286958054987066;48.84507774468957;Paris 6ème;75106;;0
339;12;Montparnasse Bienvenue;2.3239891852050025;48.84382361030622;Paris 15ème;75115;"4;6;13";3
340;12;Falguiere;2.3175512356170267;48.84431768258609;Paris 15ème;75115;;0
341;12;Pasteur;2.312914680473939;48.842528386594964;Paris 15ème;75115;6;3
342;12;Volontaires;2.3079833805768506;48.84141172746672;Paris 15ème;75115;;0
343;12;Vaugirard;2.3010745156545447;48.83943791712863;Paris 15ème;75115;;0
344;12;Convention;2.2963913864809165;48.837135052856674;Paris 15ème;75115;;0
345;12;Porte de Versailles;2.2877417091423338;48.83251953156517;Paris 15ème;75115;;0
346;12;Corentin Celton;2.279281658280732;48.827284244514495;Issy-les-Moulineaux;92130;;0
347;12;Mairie d Issy;2.2736185392353434;48.824565288887065;Issy-les-Moulineaux;92130;;0
348;13;Chatillon-Montrouge;2.301821727592956;48.810805533127876;Châtillon;92320;;0
349;13;Malakoff Rue Etienne Dolet;2.2966599969064085;48.81490420405428;Malakoff;92240;;0
350;13;Malakoff Plateau de Vanves;2.2985367834144217;48.82264462814064;Malakoff;92240;;0
351;13;Porte de Vanves;2.3053323866574726;48.82761346305592;Paris 14ème;75114;;0
352;13;Plaisance;2.313860489344305;48.83175036211914;Paris 14ème;75114;;0
353;13;Pernety;2.3183937066147005;48.83407867882665;Paris 14ème;75114;;0
354;13;Gaite;2.322353996778806;48.83852608407424;Paris 14ème;75114;;0
355;13;Montparnasse Bienvenue;2.3239891852050025;48.84382361030622;Paris 15ème;75115;"4;6;12";2
356;13;Duroc;2.316521219456521;48.84700989266375;Paris 7ème;75107;10;3
357;13;Saint-Francois-Xavier;2.314285946180555;48.85129154999027;Paris 7ème;75107;;0
358;13;Varenne;2.3151139305096557;48.856624981798376;Paris 7ème;75107;;0
359;13;Invalides;2.314632660444516;48.86109201043299;Paris 7ème;75107;8;3
360;13;Champs-Elysees - Clemenceau;2.31446450132278;48.86765629124574;Paris 8ème;75108;1;3
361;13;Miromesnil;2.316010693121023;48.87344791484716;Paris 8ème;75108;9;2
362;13;Saint-Lazare;2.3254883906726116;48.87538131505992;Paris 8ème;75108;"3;12;14";2
363;13;Liege;2.3268526712397546;48.87953493642774;Paris 8ème;75108;;0
364;13;Place de Clichy;2.327958328010219;48.88366908732468;Paris 18ème;75118;2;3
365;13;La Fourche;2.3257141171661346;48.88743365578895;Paris 18ème;75118;;0
366;13;Guy Moquet;2.3274832586261254;48.89300144101368;Paris 18ème;75118;;0
367;13;Porte de Saint-Ouen;2.329048340744649;48.89749783637955;Paris 18ème;75118;;2
368;13;Garibaldi;2.331715096815711;48.906089939484495;Saint-Ouen-sur-Seine;93400;;0
369;13;Mairie de Saint-Ouen;2.3344972852708654;48.91280740151347;Saint-Ouen-sur-Seine;93400;;0
370;13;Carrefour Pleyel;2.34378417312153;48.9198384793314;Saint-Denis;93210;;0
371;13;La Fourche;2.3257141171661346;48.88743365578895;Paris 18ème;75118;;0
372;13;Brochant;2.3199048172093653;48.8906518702421;Paris 17ème;75117;;0
373;13;Porte de Clichy;2.3132083507588095;48.894431287069544;Paris 17ème;75117;14;3
374;14;Saint Denis - Pleyel;2.344293200614535;48.91786177854587;Saint-Denis;93210;;0
375;14;Mairie de Saint-Ouen;2.3344972852708654;48.91280740151347;Saint-Ouen-sur-Seine;93400;;2
376;14;Saint-Ouen;2.3221156238968645;48.9055498569775;Saint-Ouen-sur-Seine;93400;;0
377;14;Porte de Clichy;2.3132083507588095;48.894431287069544;Paris 17ème;75117;13;2
378;14;Pont Cardinet;2.3153681405051523;48.888103402695;Paris 17ème;75117;;0
379;14;Saint-Lazare;2.3254883906726116;48.87538131505992;Paris 8ème;75108;"3;12;13;9";2
380;14;Madeleine;2.3258100487932767;48.87054467576818;Paris 8ème;75108;"8;12";2
381;14;Pyramides;2.3346236060049224;48.86575552642865;Paris 1er;75101;7;3
382;14;Chatelet;2.3481609912345767;48.856953459837165;Paris 4ème;75104;"1;4;7;11";3
383;14;Gare de Lyon;2.373156593789204;48.845683205787566;Paris 12ème;75112;1;1
384;14;Bercy;2.379463070185256;48.84017602717362;Paris 12ème;75112;6;0
385;14;Cour Saint-Emilion;2.386617850214057;48.83331930289509;Paris 12ème;75112;;0
386;14;Bibliotheque Francois Mitterrand;2.3764873711683;48.82992576498057;Paris 13ème;75113;;0
387;14;Olympiades;2.3669231215308066;48.82712344048104;Paris 13ème;75113;;0
388;14;Olympiades;2.3669231215308066;48.82712344048104;Paris 13ème;75113;;0
389;14;Maison Blanche;2.3584129461559384;48.82214950512655;Paris 13ème;75113;7;3
390;14;Hopital Bicetre;2.3497311122495184;48.80974654909847;Le Kremlin-Bicêtre;94270;;0
391;14;VIllejuif - Gustave Roussy;2.3496656238900373;48.79355305752086;Villejuif;94800;;0
392;14;L Hay-Les-Roses;2.3540192680682086;48.77559653462255;L'Haÿ-les-Roses;94240;;0
393;14;Chevilly-Larue;2.366426352723817;48.759163135012784;Chevilly-Larue;94550;;0
394;14;Thiais-Orly;2.372789581558921;48.74730756409387;Thiais;94320;;0
395;14;Aeroport d Orly;2.3617887144349194;48.728330742050005;Paray-Vieille-Poste;94390;;0
