Station Id;Station;Pr‚c‚dent;Suivant;Temps entre 2 stations;Temps de Changement;;;
1;La D‚fense;;2;0;;;;
2;Esplanade de La D‚fense;1;3;3;;;;
3;Pont de Neuilly;2;4;2;3;;;
4;Les Sablons;3;5;3;;;;
5;Porte Maillot;4;6;2;;;;
6;Argentine;5;7;3;;;;
7;Charles de Gaulle - Etoile;6;8;2;;;;
8;George V;7;9;4;;;;
9;Franklin D. Roosevelt;8;10;2;2;;;
10;Champs-Elys‚es - Clemenceau;9;11;3;1;;;
11;Concorde;10;12;2;3;;;
12;Tuileries;11;13;3;;;;
13;Palais Royal - Mus‚e du Louvre;12;14;2;2;;;
14;Louvre - Rivoli;13;15;4;;;;
15;Chƒtelet;14;16;2;3;;;
16;H“tel de Ville;15;17;2;1;;;
17;Saint-Paul (Le Marais);16;18;2;;;;
18;Bastille;17;19;2;1;;;
19;Gare de Lyon;18;20;1;2;;;
20;Reuilly - Diderot;19;21;2;2;;;
21;Nation;20;22;2;3;;;
22;Porte de Vincennes;21;23;1;;;;
23;Saint-Mand‚;22;24;2;;;;
24;B‚rault;23;25;1;;;;
25;Chƒteau de Vincennes;24;;2;;;;
26;Porte Dauphine;;27;0;;;;
27;Victor Hugo;26;28;3;;;;
28;Charles de Gaulle - Etoile;27;29;2;2;;;
29;Ternes;28;30;1;;;;
30;Courcelles;29;31;2;;;;
31;Monceau;30;32;3;;;;
32;Villiers;31;33;2;3;;;
33;Rome;32;34;5;;;;
34;Place de Clichy;33;35;2;1;;;
35;Blanche;34;36;2;;;;
36;Pigalle;35;37;2;1;;;
37;Anvers;36;38;2;;;;
38;BarbŠs - Rochechouart;37;39;2;2;;;
39;La Chapelle;38;40;1;;;;
40;Stalingrad;39;41;1;3;;;
41;JaurŠs;40;42;1;1;;;
42;Colonel Fabien;41;43;2;;;;
43;Belleville;42;44;1;2;;;
44;Couronnes;43;45;2;;;;
45;M‚nilmontant;44;46;2;;;;
46;PŠre Lachaise;45;47;2;1;;;
47;Philippe Auguste;46;48;1;;;;
48;Alexandre Dumas;47;49;3;;;;
49;Avron;48;50;2;;;;
50;Nation;49;;1;;;;
51;Pont de Levallois Becon;;52;0;;;;
52;Anatole France;51;53;2;;;;
53;Louise Michel;52;54;4;;;;
54;Porte de Champerret;53;55;1;;;;
55;Pereire;54;56;1;;;;
56;Wagram;55;57;2;;;;
57;Malesherbes;56;58;1;;;;
58;Villiers;57;59;3;1;;;
59;Europe;58;60;2;;;;
60;Saint-Lazare;59;61;1;2;;;
61;Havre-Caumartin;60;62;1;3;;;
62;Op‚ra;61;63;5;1;;;
63;Quatre Septembre;62;64;2;;;;
64;Bourse;63;65;1;;;;
65;Sentier;64;66;2;;;;
66;R‚aumur - S‚bastopol;65;67;2;2;;;
67;Arts et M‚tiers;66;68;3;;;;
68;Temple;67;69;1;;;;
69;R‚publique;68;70;2;1;;;
70;Parmentier;69;71;3;;;;
71;Rue Saint-Maur;70;72;4;;;;
72;PŠre Lachaise;71;73;1;2;;;
73;Gambetta;72;74;2;3;;;
74;Porte de Bagnolet;73;75;1;;;;
75;Gallieni;74;;2;;;;
76;Porte des Lilas;;77;0;2;;;
77;Saint-Fargeau;76;78;2;;;;
78;Pelleport;77;79;1;;;;
79;Gambetta;78;;1;3;;;
80;Porte de Clignancourt;;81;0;;;;
81;Simplon;80;82;3;;;;
82;Marcadet - Poissonniers;81;83;2;2;;;
83;Chƒteau Rouge;82;84;2;;;;
84;BarbŠs - Rochechouart;83;85;3;3;;;
85;Gare du Nord;84;86;1;3;;;
86;Gare de l'Est;85;87;1;2;;;
87;Chƒteau d'Eau;86;88;2;;;;
88;Strasbourg - Saint-Denis;87;89;1;2;;;
89;R‚aumur - S‚bastopol;88;90;3;1;;;
90;Etienne Marcel;89;91;2;;;;
91;Les Halles;90;92;4;;;;
92;Chƒtelet;91;93;1;2;;;
93;Cit‚;92;94;2;;;;
94;Saint-Michel;93;95;2;;;;
95;Od‚on;94;96;1;3;;;
96;Saint-Germain-des-Pr‚s;95;97;3;;;;
97;Saint-Sulpice;96;98;2;;;;
98;Saint-Placide;97;99;2;;;;
99;Montparnasse Bienvenue;98;100;4;2;;;
100;Vavin;99;101;1;;;;
101;Raspail;100;102;3;2;;;
102;Denfert-Rochereau;101;103;2;1;;;
103;Mouton-Duvernet;102;104;3;;;;
104;Al‚sia;103;105;4;;;;
105;Porte d'Orl‚ans;104;106;4;;;;
106;Mairie de Montrouge;105;107;2;;;;
107;Barbara;106;108;1;;;;
108;Bagneux Lucie Aubrac;107;;1;;;;
109;Bobigny Pablo Picasso;;110;0;;;;
110;Bobigny-Pantin Raymond Queneau;109;111;2;;;;
111;Eglise de Pantin;110;112;1;;;;
112;Hoche;111;113;2;;;;
113;Porte de Pantin;112;114;1;;;;
114;Ourcq;113;115;1;;;;
115;LaumiŠre;114;116;4;;;;
116;JaurŠs;115;117;2;2;;;
117;Stalingrad;116;118;3;2;;;
118;Gare du Nord;117;119;2;1;;;
119;Gare de l'Est;118;120;1;3;;;
120;Jacques Bonsergent;119;121;2;;;;
121;R‚publique;120;122;2;3;;;
122;Oberkampf;121;123;1;1;;;
123;Richard-Lenoir;122;124;1;;;;
124;Br‚guet-Sabin;123;125;3;;;;
125;Bastille;124;126;4;2;;;
126;Quai de la Rap‚e;125;127;1;;;;
127;Gare d'Austerlitz;126;128;2;2;;;
128;Saint-Marcel;127;129;2;;;;
129;Campo-Formio;128;130;1;;;;
130;Place d'Italie;129;;2;;;;
131;Charles de Gaulle - Etoile;;132;0;;;;
132;Kl‚ber;131;133;1;;;;
133;BoissiŠre;132;134;3;;;;
134;Trocad‚ro;133;135;2;1;;;
135;Passy;134;136;2;;;;
136;Bir-Hakeim;135;137;1;;;;
137;Dupleix;136;138;1;;;;
138;La Motte-Picquet - Grenelle;137;139;2;3;;;
139;Cambronne;138;140;2;;;;
140;SŠvres-Lecourbe;139;141;2;;;;
141;Pasteur;140;142;1;3;;;
142;Montparnasse Bienvenue;141;143;3;2;;;
143;Edgar Quinet;142;144;3;;;;
144;Raspail;143;145;4;2;;;
145;Denfert-Rochereau;144;146;4;3;;;
146;Saint-Jacques;145;147;4;;;;
147;GlaciŠre;146;148;2;;;;
148;Corvisart;147;149;1;;;;
149;Place d'Italie;148;150;2;1;;;
150;Nationale;149;151;2;;;;
151;Chevaleret;150;152;1;;;;
152;Quai de la Gare;151;153;4;;;;
153;Bercy;152;154;2;2;;;
154;Dugommier;153;155;3;;;;
155;Daumesnil;154;156;2;3;;;
156;Bel-Air;155;157;1;;;;
157;Picpus;156;158;2;;;;
158;Nation;157;;3;;;;
159;La Courneuve 8 Mai 1945;;160;0;;;;
160;Fort d'Aubervilliers;159;161;2;;;;
161;Aubervilliers-Pantin Quatre Chemins;160;162;2;;;;
162;Porte de la Villette;161;163;2;;;;
163;Corentin Cariou;162;164;1;;;;
164;Crim‚e;163;165;1;;;;
165;Riquet;164;166;2;;;;
166;Stalingrad;165;167;2;2;;;
167;Louis Blanc;166;168;4;2;;;
168;Chƒteau Landon;167;169;2;3;;;
169;Gare de l'Est;168;170;2;2;;;
170;PoissonniŠre;169;171;1;;;;
171;Cadet;170;172;3;;;;
172;Le Peletier;171;173;3;;;;
173;Chauss‚e d'Antin - La Fayette;172;174;2;2;;;
174;Op‚ra;173;175;2;1;;;
175;Pyramides;174;176;1;2;;;
176;Palais Royal - Mus‚e du Louvre;175;177;2;3;;;
177;Pont Neuf;176;178;2;;;;
178;Chƒtelet;177;179;2;3;;;
179;Pont Marie (Cit‚ des Arts);178;180;1;;;;
180;Sully - Morland;179;181;3;;;;
181;Jussieu;180;182;1;2;;;
182;Place Monge;181;183;2;;;;
183;Censier - Daubenton;182;184;2;;;;
184;Les Gobelins;183;185;2;;;;
185;Place d'Italie;184;186;2;3;;;
186;Tolbiac;185;187;1;;;;
187;Maison Blanche;186;188;1;3;;;
188;Porte d'Italie;187;189;3;;;;
189;Porte de Choisy;188;190;2;;;;
190;Porte d'Ivry;189;;1;;;;
191;Louis Blanc;;192;0;;;;
192;JaurŠs;191;193;2;2;;;
193;Bolivar;192;194;2;;;;
194;Buttes Chaumont;193;195;2;;;;
195;Botzaris;194;196;1;;;;
196;Place des Fˆtes;195;197;1;3;;;
197;Pr‚-Saint-Gervais;196;198;1;;;;
198;Danube;197;199;2;;;;
199;Botzaris;198;;1;;;;
200;Balard;;201;3;;;;
201;Lourmel;200;202;3;;;;
202;Boucicaut;201;203;3;;;;
203;F‚lix Faure;202;204;1;;;;
204;Commerce;203;205;2;;;;
205;La Motte-Picquet - Grenelle;204;206;2;1;;;
206;Ecole Militaire;205;207;2;;;;
207;La Tour-Maubourg;206;208;3;;;;
208;Invalides;207;209;2;2;;;
209;Concorde;208;210;1;3;;;
210;Madeleine;209;211;2;2;;;
211;Op‚ra;210;212;2;2;;;
212;Richelieu - Drouot;211;213;2;2;;;
213;Grands Boulevards;212;214;4;3;;;
214;Bonne Nouvelle;213;215;1;3;;;
215;Strasbourg - Saint-Denis;214;216;3;2;;;
216;R‚publique;215;217;3;2;;;
217;Filles du Calvaire;216;218;3;;;;
218;Saint-S‚bastien - Froissart;217;219;2;;;;
219;Chemin Vert;218;220;2;;;;
220;Bastille;219;221;2;1;;;
221;Ledru-Rollin;220;222;1;;;;
222;Faidherbe - Chaligny;221;223;1;;;;
223;Reuilly - Diderot;222;224;3;2;;;
224;Montgallet;223;225;1;;;;
225;Daumesnil;224;226;2;3;;;
226;Michel Bizot;225;227;2;;;;
227;Porte Dor‚e;226;228;2;;;;
228;Porte de Charenton;227;229;1;;;;
229;Libert‚;228;230;1;;;;
230;Charenton-Ecoles;229;231;1;;;;
231;Ecole V‚t‚rinaire de Maison-Alfort;230;232;3;;;;
232;Maison-Alfort - Stade;231;233;3;;;;
233;Maison-Alfort - Les Juillotes;232;234;2;;;;
234;Cr‚teil - L'Echat;233;235;2;;;;
235;Cr‚teil - Universit‚;234;236;2;;;;
236;Cr‚teil - Pr‚fecture;235;237;2;;;;
237;Cr‚teil - Pointe du Lac;236;;1;;;;
238;Pont de SŠvres;;239;0;;;;
239;Billancourt;238;240;1;;;;
240;Marcel Sembat;239;241;1;;;;
241;Porte de Saint-Cloud;240;242;4;;;;
242;Exelmans;241;243;2;;;;
243;Michel-Ange - Molitor;242;244;2;2;;;
244;Michel-Ange - Auteuil;243;245;2;3;;;
245;Jasmin;244;246;2;;;;
246;Ranelagh;245;247;3;;;;
247;La Muette;246;248;3;;;;
248;Rue de la Pompe;247;249;3;;;;
249;Trocad‚ro;248;250;2;2;;;
250;I‚na;249;251;2;;;;
251;Alma - Marceau;250;252;1;;;;
252;Franklin D. Roosevelt;251;253;2;2;;;
253;Saint-Philippe du Roule;252;254;2;;;;
254;Miromesnil;253;255;2;3;;;
255;Saint-Augustin;254;256;3;3;;;
256;Havre-Caumartin;255;257;2;2;;;
257;Chauss‚e d'Antin - La Fayette;256;258;2;2;;;
258;Richelieu - Drouot;257;259;3;2;;;
259;Grands Boulevards;258;260;3;3;;;
260;Bonne Nouvelle;259;261;3;2;;;
261;Strasbourg - Saint-Denis;260;262;1;1;;;
262;R‚publique;261;263;1;2;;;
263;Oberkampf;262;264;1;3;;;
264;Saint-Ambroise;263;265;1;;;;
265;Voltaire;264;266;2;;;;
266;Charonne;265;267;2;;;;
267;Rue des Boulets;266;268;3;;;;
268;Nation;267;269;4;2;;;
269;Buzenval;268;270;4;;;;
270;MaraŒchers;269;271;1;;;;
271;Porte de Montreuil;270;272;2;;;;
272;Robespierre;271;273;2;;;;
273;Croix de Chavaux;272;274;2;;;;
274;Mairie de Montreuil;273;;2;;;;
275;Gare d'Austerlitz;;276;1;2;;;
276;Jussieu;275;277;2;1;;;
277;Cardinal Lemoine;276;278;3;;;;
278;Maubert - Mutualit‚;277;279;2;;;;
279;Cluny - La Sorbonne;278;280;1;;;;
280;Od‚on;279;281;1;3;;;
281;Mabillon;280;282;1;;;;
282;SŠvres - Babylone;281;283;3;3;;;
283;Vaneau;282;284;2;;;;
284;Duroc;283;285;1;2;;;
285;S‚gur;284;286;2;;;;
286;La Motte-Picquet - Grenelle;285;287;2;2;;;
287;Avenue Emile Zola;286;288;2;;;;
288;Charles Michels;287;289;1;;;;
289;Javel - Andr‚ Citro‰n;288;290;3;3;;;
290;Eglise d'Auteuil;289;291;1;;;;
291;Michel-Ange - Auteuil;290;292;2;2;;;
292;Porte d'Auteuil;291;293;1;;;;
293;Boulogne Jean JaurŠs;292;294;2;;;;
294;Boulogne Pont de Saint-Cloud;293;;1;;;;
295;Michel-Ange - Molitor;294;296;3;1;;;
296;Chardon Lagache;295;297;1;;;;
297;Mirabeau;296;298;1;;;;
298;Chƒtelet;;299;1;3;;;
299;H“tel de Ville;298;300;2;3;;;
300;Rambuteau;299;301;2;;;;
301;Arts et M‚tiers;300;302;3;2;;;
302;R‚publique;301;303;2;2;;;
303;Goncourt;302;304;1;;;;
304;Belleville;303;305;4;3;;;
305;Pyr‚n‚es;304;306;5;;;;
306;Jourdain;305;307;1;;;;
307;Place des FÇ¦tes;306;308;2;2;;;
308;T‚l‚graphe;307;309;2;;;;
309;Porte des Lilas;308;310;3;2;;;
310;Mairie des Lilas;309;311;3;;;;
311;Serge Gainsbourg;310;312;4;;;;
312;Romainville - Carnot;311;313;4;;;;
313;Montreuil - H“pital;312;314;2;;;;
314;La Dhuys;313;315;3;;;;
315;Coteaux - Beauclair;314;316;2;;;;
316;Rosny - Bois-Perrier;315;;3;;;;
317;Mairie d'Aubervilliers;;318;2;;;;
318;Aim‚ C‚saire;317;319;1;;;;
319;Front Populaire;318;320;2;;;;
320;Porte de la Chapelle;319;321;3;;;;
321;Marx Dormoy;320;322;3;;;;
322;Marcadet - Poissonniers;321;323;4;3;;;
323;Jules Joffrin;322;324;3;;;;
324;Lamarck - Caulaincourt;323;325;2;;;;
325;Abbesses;324;326;2;;;;
326;Pigalle;325;327;3;3;;;
327;Saint-Georges;326;328;2;;;;
328;Notre-Dame-de-Lorette;327;329;2;;;;
329;Trinit‚ - d'Estienne d'Orves;328;330;1;;;;
330;Saint-Lazare;329;331;2;2;;;
331;Madeleine;330;332;3;2;;;
332;Concorde;331;333;2;3;;;
333;Assembl‚e Nationale;332;334;3;;;;
334;Solf‚rino;333;335;4;;;;
335;Rue du Bac;334;336;3;;;;
336;SŠvres - Babylone;335;337;5;2;;;
337;Rennes;336;338;3;;;;
338;Notre-Dame des Champs;337;339;2;;;;
339;Montparnasse Bienvenue;338;340;3;3;;;
340;FalguiŠre;339;341;2;;;;
341;Pasteur;340;342;3;3;;;
342;Volontaires;341;343;2;;;;
343;Vaugirard;342;344;3;;;;
344;Convention;343;345;2;;;;
345;Porte de Versailles;344;346;1;;;;
346;Corentin Celton;345;347;3;;;;
347;Mairie d'Issy;346;;3;;;;
348;Chƒtillon-Montrouge;;349;3;;;;
349;Malakoff Rue Etienne Dolet;348;350;3;;;;
350;Malakoff Plateau de Vanves;349;351;2;;;;
351;Porte de Vanves;350;352;3;;;;
352;Plaisance;351;353;2;;;;
353;Pernety;352;354;2;;;;
354;GaŒt‚;353;355;5;;;;
355;Montparnasse Bienvenue;354;356;2;2;;;
356;Duroc;355;357;3;3;;;
357;Saint-Fran‡ois-Xavier;356;358;2;;;;
358;Varenne;357;359;3;;;;
359;Invalides;358;360;1;3;;;
360;Champs-Elys‚es - Clemenceau;359;361;3;3;;;
361;Miromesnil;360;362;2;2;;;
362;Saint-Lazare;361;363;2;2;;;
363;LiŠge;362;364;3;;;;
364;Place de Clichy;363;365;2;3;;;
365;La Fourche;364;366;3;;;;
366;Guy M“quet;365;367;2;;;;
367;Porte de Saint-Ouen;366;368;2;2;;;
368;Garibaldi;367;369;2;;;;
369;Mairie de Saint-Ouen;368;370;4;;;;
370;Carrefour Pleyel;369;;2;;;;
371;La Fourche;364;372;2;;;;
372;Brochant;371;373;2;;;;
373;Porte de Clichy;372;;1;3;;;
374;Saint Denis - Pleyel;;375;2;4;;;
375;Mairie de Saint-Ouen;374;376;2;2;;;
376;Saint-Ouen;375;377;2;;;;
377;Porte de Clichy;376;378;3;2;;;
378;Pont Cardinet;377;379;2;;;;
379;Saint-Lazare;378;380;2;2;;;
380;Madeleine;379;381;2;2;;;
381;Pyramides;380;382;1;3;;;
382;Chƒtelet;381;383;2;3;;;
383;Gare de Lyon;382;384;2;1;;;
384;Bercy;383;385;1;;;;
385;Cour Saint-Emilion;384;386;1;;;;
386;BibliothŠque Fran‡ois Mitterrand;385;387;1;;;;
387;Olympiades;386;388;1;;;;
388;Olympiades;387;389;2;;;;
389;Maison Blanche;388;390;2;3;;;
390;H“pital Bicˆtre;389;391;2;;;;
391;VIllejuif - Gustave Roussy;390;392;3;;;;
392;L'Ha˜-Les-Roses;391;393;3;;;;
393;Chevilly-Larue;392;394;3;;;;
394;Thiais-Orly;393;395;3;;;;
395;A‚roport d'Orly;394;;3;;;;
